Program Name,Primary Category,Secondary Tags,Track/Session,Format,Grades,Admission Type,Length,Dates 2026,Location,Credit,Price,URL
COSMOS UC Davis,STEM/Engineering,Artificial Intelligence,"Cl.1 Quantum Mechanics & Nanotech; Cl.2 Physics & Engineering; Cl.3 Engineering Mechanics; Cl.4 Astrophysics; Cl.5 Computers in Biophysics & Robotics; Cl.6 Mathematics; Cl.7 Plant Microbiology; Cl.8 Analog/Digital Electronics; Cl.10 Sustainable Transportation; Cl.11 Data Science & Big Data; Cl.12 Machine Learning; Cl.13 Sustainable Aquatic Food Production (new); Cl.14 Future Mobility: Ground & Air (new)",Residential,"Completing grades 8-12, CA high school students only",Highly competitive (statewide app closes Feb 6),4 weeks,Jul 5 - Aug 1,"UC Davis, CA",No,"$5,518 + $46 application fee (need-based aid available)",https://cosmos.ucdavis.edu/
COSMOS UC Irvine,STEM/Engineering,Biomedical,"Cl.1 Data Science in Biomedical Sciences; Cl.2 Decoding the Universe: Physics/Big Data/Computation; Cl.3 Tissue & Tumor Biology + Computational Modeling; Cl.4 Subatomic World & Expanding Universe; Cl.5 Sustainable Aviation Systems; Cl.6 Genes, Genomes & Skeletal Muscle Dystrophies; Cl.7 BioEngineering Your Brain (Brainwaves); Cl.9 Stressed Out Bugs: Bacteria & Environments",Residential,"Completing grades 8-12, CA high school students only",Highly competitive (statewide app closes Feb 6),4 weeks,Jul 5 - Jul 31,"UC Irvine, CA",No,"$5,518 + $46 application fee (need-based aid available)",https://www.cosmos.uci.edu/
COSMOS UCLA,Artificial Intelligence,STEM/Engineering,"Cl.1 Brain-Inspired Computing (Neural Networks); Cl.2 Ecosystem Responses to Climate; Cl.4 Hydrogen & Sustainability/Carbon Capture; Cl.5 Mini Robot Cars to Rockets (Mech/Aerospace Eng); Cl.6 AI for Speech and Imagery (Medicine to Hollywood); Cl.7 Revealing Molecular Structure; Cl.8 Bit by Bit: Math & Info Age Tech; Cl.9 Computational Biology: DNA to Protein; Cl.10 Smarter World: Data Science & IoT",Residential,"Completing grades 8-12, CA high school students only",Highly competitive (statewide app closes Feb 6),4 weeks,Jul 5 - Aug 1,"UCLA, Los Angeles, CA",No,"$5,518 + $46 application fee (need-based aid available)",https://cosmos.ucla.edu/
COSMOS UC Merced,STEM/Engineering,Artificial Intelligence,"Cl.1 Soft Matter: Complex Fluids and Flows; Cl.2 Nanomaterials for Chemical Reactions; Cl.3 Exploring Materials; Cl.4 AI at Scale; Cl.5 Bacterial-Animal Symbiosis & Bioluminescence; Cl.6 Digital Twins: Making Things Smarter; Cl.7 Quantum Materials & Light (0D/2D Materials)",Residential,"Completing grades 8-12, CA high school students only",Highly competitive (statewide app closes Feb 6) - first year offered 2026,4 weeks,Jul 5 - Aug 1,"UC Merced, CA",No,"$5,518 + $46 application fee (need-based aid available)",https://cosmos.ucmerced.edu/
COSMOS UC Santa Cruz,STEM/Engineering,Mathematics,"Cl.1 Number Theory and Discrete Math; Cl.2 Nanochemistry and Nanotechnology; Cl.3 Making an Animal: Development & Bioinformatics; Cl.4 Quantum Information Science & Engineering; Cl.5 Video Games: Design of Fun to Code; Cl.6 Smart and Sustainable Power; Cl.7 Photonics Revolution (Healthcare/Energy/IT); Cl.8 Practical Applications of Chemical Principles; Cl.9 Molecular Biology Investigations; Cl.10 Semiconductor Materials & Device Engineering; Cl.11 Machine Learning in Robotics; Cl.12 Quantum Materials via Neutron Scattering/X-ray; Cl.13 Crystalline Quantum Materials (QCM)",Residential,"Completing grades 8-12, CA high school students only",Highly competitive (statewide app closes Feb 6),4 weeks,Jul 5 - Aug 1,"UC Santa Cruz, CA",No,"$5,518 + $46 application fee (need-based aid available)",https://cosmos.ucsc.edu/
COSMOS UC San Diego,STEM/Engineering,Artificial Intelligence,"Music and Math: Digital Audio; Engineering Design & Control of Kinetic Sculptures; Climate Change; Cool Tech: Heating & Cooling Science; PhotonQuest: Devices to Quantum Frontiers; Biodiesel from Renewable Sources; Machine Learning: Teaching a Computer to Think; Tissue Engineering & Regenerative Medicine; Music and Technology: Microphones/Microcontrollers; Robot Inventors",Residential,"Completing grades 8-12, CA high school students only",Highly competitive (statewide app closes Feb 6),4 weeks,Jul 5 - Jul 31,"UC San Diego, CA",No,"$5,518 + $46 application fee (need-based aid available)",https://jacobsschool.ucsd.edu/cosmos/
Stanford AI4ALL,Artificial Intelligence,Leadership/Gifted,Residential Session,Residential,Rising 10th grade,Highly competitive,2 weeks,Jul 19-31,Stanford CA,No,Free/subsidized,https://ai4all.spcs.stanford.edu/
Stanford AI4ALL,Artificial Intelligence,Leadership/Gifted,Online Session,Online,Rising 10th grade,Highly competitive,2 weeks,Jun 15-26,Online,No,Free/subsidized,https://ai4all.spcs.stanford.edu/
Inspirit AI Live Online,Artificial Intelligence,,,Online,Grades 9-12,Rolling,2 weeks,Multiple summer cohorts,Online,No,~$1100,https://www.inspiritai.com/liveonline
Engineering Summer Academy at Penn (ESAP),Artificial Intelligence,STEM/Engineering,Biotech/CS/Robotics/Nanotech/Graphics,Residential,Entering 10-12,Selective (deadline Feb 28),3 weeks,Jul 12-31,"Philadelphia, PA",Yes (college credit),$9250,https://esap.seas.upenn.edu/about/
MIT Women's Technology Program (WTP),Artificial Intelligence,STEM/Engineering,Mechanical Engineering & CS,Residential,Rising Seniors (girls only),Highly competitive,4 weeks,Late Jun - Late Jul,"Cambridge, MA",No,Free/substantial need-based aid,https://web.mit.edu/wtp/
Stanford Pre-Collegiate Summer Institutes,Artificial Intelligence,,AI course,Online,Grades 8-11,Selective (~20-30% acceptance),2 weeks,"Session 1: Jun 15-26; Session 2: Jul 6-17",Online (live),No,$3080-$3200,https://summerinstitutes.spcs.stanford.edu/courses/2026/artificial-intelligence
JHU Engineering Summer AI Institute,Artificial Intelligence,STEM/Engineering,,Residential,HS through early workforce,Rolling (register by May 1),2 weeks,Jul 20 - Aug 1,"Baltimore, MD",No (Certificate of Achievement),$8500 incl. lodging/meals,https://engineering.jhu.edu/education/engineering-summer-ai-institute/
CMU Pre-College,Artificial Intelligence,Leadership/Gifted,AI Scholars,Residential,Rising HS seniors (11th at application),"Highly selective, fully funded",4 weeks,Jun - Aug,"Pittsburgh, PA",No,Free (fully funded),https://www.cmu.edu/pre-college/
CMU Pre-College,Artificial Intelligence,Leadership/Gifted,CS Scholars,Residential,Rising juniors (10th-11th at application),"Fully funded, selective",4 weeks,Jun 20 - Aug 1,"Pittsburgh, PA",No,Free (fully funded),https://www.cmu.edu/pre-college/
CMU Pre-College,STEM/Engineering,,Architecture,Residential/Commuter,Rising Jr/Sr (16 by Jun 20),Selective,5 weeks,Summer 2026,"Pittsburgh, PA",Yes,"Residential $10744; Commuter $8253",https://www.cmu.edu/pre-college/
CMU Pre-College,STEM/Engineering,Biomedical,Computational Biology,Residential/Commuter,Rising Jr/Sr (16 by Jun 20),Selective,4 weeks,Summer 2026,"Pittsburgh, PA",Yes,"Residential $10750; Commuter $8041",https://www.cmu.edu/pre-college/
CMU Pre-College,Arts,,Art,Residential/Commuter,Rising Jr/Sr (16 by Jun 20),Selective,3 or 6 weeks,Summer 2026,"Pittsburgh, PA",Yes,"6-wk Res $12204/Commuter $9039; 3-wk Res $7945/Commuter $6184",https://www.cmu.edu/pre-college/
CMU Pre-College,Arts,,Design,Residential/Commuter,Rising Jr/Sr (16 by Jun 20),Selective,6 weeks,Summer 2026,"Pittsburgh, PA",Yes,"Residential $12204; Commuter $8862",https://www.cmu.edu/pre-college/
CMU Pre-College,Arts,,Drama,Residential/Commuter,Rising Jr/Sr (16 by Jun 20),Selective,6 weeks,Summer 2026,"Pittsburgh, PA",Yes,"Residential $12303; Commuter $8974",https://www.cmu.edu/pre-college/
MIT Research Science Institute (RSI),STEM/Engineering,Leadership/Gifted,,Residential,Current Juniors,Highly competitive (4% acceptance),6 weeks,Jun 28 - Aug 8,"Cambridge, MA",No,Free,https://www.cee.org/programs/research-science-institute
MITES Summer,STEM/Engineering,Leadership/Gifted,,Residential,Current Juniors,Highly selective (deadline Feb 1),6 weeks,Late Jun - Early Aug,"Cambridge, MA",No,Free,https://mites.mit.edu/discover-mites/mites-summer/
Summer Science Program (SSP),STEM/Engineering,,,Residential,Current Juniors,Highly selective (deadline Feb),5 weeks,Mid-Jun - Late Jul,16 US university campuses,No,Up to $11800 (sliding scale),https://summerscience.org/
Lawrence Hall of Science Camps,STEM/Engineering,,Teen research/internship,Commuter,Grades 9-12,Application,1-2 weeks,Summer cohorts,"UC Berkeley, CA",No,~$950,https://lawrencehallofscience.org/teen-internship-programs/
Purdue GERI Summer Residential,STEM/Engineering,Leadership/Gifted,,Residential,Grades 6-12,Application,1-2 weeks,Mid-July,"West Lafayette, IN",No,$1500-$2500,https://www.education.purdue.edu/geri/youth-programs/summer-residential/
Columbia SHAPE,STEM/Engineering,,,Commuter,Rising 10-12 & recent grads,Selective,3 weeks/session,"Jul 6-24; Jul 27-Aug 14","New York, NY",No,Contact program (scholarships available),https://outreach.engineering.columbia.edu/shape/
WPI Frontiers,STEM/Engineering,,,Residential,Rising 10-12,"Selective, rolling",2 weeks/session,"Frontiers I: Jul 5-17; Frontiers II: Jul 19-31","Worcester, MA",No,$4495 per session,https://www.wpi.edu/academics/pre-collegiate/summer-programs/frontiers
JHU Engineering Innovation (EI),STEM/Engineering,Biomedical,,Residential/Commuter/Online,HS students with A/B in math & science,Selective,~4 weeks,Jul 1-26 (varies by track),"Baltimore, MD / Hood College / Online",Yes (3 JHU credits),"Tuition $3800 + residential fees $5850-$6100",https://ei.jhu.edu/
Cooper Union Summer STEM,STEM/Engineering,,3-week course,Commuter,Completed 9th-11th grade,Selective,3 weeks,"Jul 6-23; Jul 27-Aug 13","New York, NY",No,$3150,https://cooper.edu/engineering/stem/summer
Cooper Union Summer STEM,STEM/Engineering,,6-week course,Commuter,Completed 9th-11th grade,Selective,6 weeks,Jul 6 - Aug 13,"New York, NY",No,$5150,https://cooper.edu/engineering/stem/summer
UC Davis Young Scholars Program,STEM/Engineering,Biomedical,,Residential,Rising Jr/Sr (16+ by start),Highly selective (~40 students),6 weeks,Jun - Aug,"Davis, CA",Yes (5 units Group Study credit),"~$6500 (need-based reductions up to 90%)",https://education.ucdavis.edu/young-scholars-program
Brown Pre-College (Summer@Brown),STEM/Engineering,College-Credit Pre-College,General courses,Residential/Commuter/Online,Rising 9-12,Rolling/selective,1-6 weeks,Jun 15 - Jul 25,"Providence, RI",Course Performance Report (not formal credit),$3748 (1-wk res) to $10858 (5-wk hybrid res); online from $3364,https://precollege.brown.edu/
Duke Pre-College,College-Credit Pre-College,,,Residential/Commuter,Rising 9-12 (some 6-11),Rolling/selective,2 weeks (12 days)/session,"Session 1: Jun 13-24; Session 2: Jun 28-Jul 9; Session 3: Jul 13-24","Durham, NC",No (non-credit enrichment),"Residential ~$4700-4900; Commuter ~$3200; Online ~$795-2100",https://learnmore.duke.edu/precollege/all-programs
Duke Marine Lab Pre-College,Marine Science,College-Credit Pre-College,,Residential,Grades 9-11,Application,1 week,Late June (TBD),"Beaufort, NC",No,~$3720,https://learnmore.duke.edu/precollege/duke-university-marine-lab
Wake Forest Summer Immersion Program,College-Credit Pre-College,,,Varies,Grades 9-12,Rolling application,1 week per institute,Multiple weeks summer 2026,"Winston-Salem, NC",No,Contact program ($550 nonrefundable deposit + tuition),https://immersion.summer.wfu.edu/
Georgetown Summer College,College-Credit Pre-College,Leadership/Gifted,Summer College,Residential/Commuter,Grades 10-12 (3.0+ GPA),Application,Up to 5 weeks,"Session I: Jun 1-Jul 3; Session II: Jul 6-Aug 7; Session III: Jun 1-Jul 24","Washington, DC",Yes (Georgetown credit),"Avg tuition $7113 + housing $2542 + fees $780",https://summer.georgetown.edu/pre-college-programs/
Georgetown Global Summer,Cultural Exchange,College-Credit Pre-College,"London/Madrid/Beijing/Tokyo (rotates)",Residential,High school,Moderate selectivity,3 weeks,Summer 2026,Rotating global cities,Varies,$4500-$5500 incl. flights,https://summer.georgetown.edu/
Tufts Pre-College,College-Credit Pre-College,,Tufts College Experience,Residential,Rising 10-12,Application (opens Dec 1),6 weeks,Residential: Jul 5 - Aug 14,"Medford, MA",Yes (6-8 credits),Contact program (2026 apps closed due to demand),https://universitycollege.tufts.edu/pre-college/browse/tufts-college-experience
Tufts Pre-College,College-Credit Pre-College,,Intensives/Hallmark Courses,Varies,High school,Rolling,1-3 weeks,Summer 2026,"Medford, MA",Some,Varies by course,https://universitycollege.tufts.edu/pre-college/academics/summer-hallmark-courses
Boston University Summer,College-Credit Pre-College,,High School Honors Program,Residential,High school (rising Jr/Sr typical),Selective (May deadline),6 weeks,Summer 2026,"Boston, MA",Yes,Contact program,https://www.bu.edu/summer/high-school-programs/
Boston University Summer,College-Credit Pre-College,,Academic Immersion,Residential,High school,Rolling,3 weeks,Summer 2026,"Boston, MA",No,Contact program,https://www.bu.edu/summer/high-school-programs/
Boston University Summer,College-Credit Pre-College,,Summer Challenge,Residential,High school,Rolling,2 weeks,Summer 2026,"Boston, MA",No,Contact program,https://www.bu.edu/summer/high-school-programs/
Marist Pre-College,College-Credit Pre-College,,3-credit session,Residential,High school,Rolling,2 weeks/session,"Session I: Jun 28-Jul 11; Session II: Jul 12-25","Poughkeepsie, NY",Yes (3 credits),$3700,https://www.marist.edu/admission/summer-pre-college
Marist Pre-College,College-Credit Pre-College,,6-credit (both sessions),Residential,High school,Rolling,4 weeks (both sessions),Jun 28 - Jul 25,"Poughkeepsie, NY",Yes (6 credits),$6660,https://www.marist.edu/admission/summer-pre-college
UCSB Summer Research Academies,College-Credit Pre-College,STEM/Engineering,,Residential/Commuter,High school,Selective,4+ weeks,Jun 26 - Jul 24,"Santa Barbara, CA",Yes (4 university credits),"Residential ~$8774-11250; Commuter ~$2775",https://www.summer.ucsb.edu/programs/pre-college
UMass Amherst,Writing/Humanities,,Juniper Institute for Young Writers,Residential/Commuter,Rising 10-12,Application (deadline Mar 16),2 weeks,"Session 1: Jul 12-25; Session 2: Jul 26-Aug 8","Amherst, MA",No,"Residential $5200; Commuter $2330",https://www.umass.edu/juniper-young-writers/programs/summer-umass
UMass Amherst Pre-College,College-Credit Pre-College,,General academic intensives,Varies,Rising 10-12,Rolling,1-6 weeks,Summer 2026,"Amherst, MA",Yes (UMass credit),Varies by course - contact program,https://www.umass.edu/uww/pre-college/programs
Case Western Reserve Pre-College,College-Credit Pre-College,,Online courses,Online,High school,"Rolling, open enrollment",Self-paced,Available anytime,Online,No (Certificate of Completion),Contact program,https://case.precollegeprograms.org/
Harvard Pre-College Program,College-Credit Pre-College,Leadership/Gifted,,Residential,Rising Jr/Sr (16+ by Jun 20; not 19 by Jul 31),Selective (priority Jan 7; regular Feb 11),2 weeks,"Session I: Jun 21-Jul 2; Session II: Jul 5-17; Session III: Jul 19-31","Cambridge, MA",No (non-credit),$6100 + $75 application fee,https://summer.harvard.edu/high-school-programs/pre-college-program/
Harvard Secondary School Program (SSP),College-Credit Pre-College,Leadership/Gifted,4-week or 7-week,Residential/Online,Rising Jr/Sr,"Application (transcripts, counselor)",4 or 7 weeks,"4-Wk: Jul 12-Aug 8; 7-Wk: Jun 20-Aug 8","Cambridge, MA & Online",Yes (4 or 8 college credits),"4-Wk Res $9100; 7-Wk Res $15735; Online $4180-$8160",https://summer.harvard.edu/high-school-programs/secondary-school-program/
UPenn SAS Pre-College Program,College-Credit Pre-College,,,Residential,Entering 11-12,Application,6 weeks,Jun 30 - Aug 8,"Philadelphia, PA",Yes (college credit),~$11000-$15000,https://hs.sas.upenn.edu/summer-programs/pre-college-program
UChicago Summer Session,College-Credit Pre-College,,,Residential/Online,Entering 11-12,Selective application,3-6 weeks,"Session I: Jun 15-Jul 2; Session II: Jul 7-23","Chicago, IL & Online",Yes (UChicago credit),~$4500-$12000,https://summer.uchicago.edu/
NYU Precollege,College-Credit Pre-College,,,Residential/Commuter,Entering 11-12,Rolling,6 weeks,Early Jul - Mid Aug,"New York, NY",Yes (NYU credit),~$700-$16000 (charged by credit),https://www.nyu.edu/admissions/high-school-and-middle-school-programs/high-school-programs/nyu-precollege/explore-precollege.html
UC Berkeley Pre-College,College-Credit Pre-College,,,Residential/Commuter,Entering 11-12,Application,6-8 weeks,Summer cohorts,"Berkeley, CA",Yes (UC credits),UC standard per-credit fees,https://precollege.berkeley.edu/
USC Summer Programs,College-Credit Pre-College,,,Residential,Grades 9-12,Selective application,4 weeks,Jun 14 - Jul 12,"Los Angeles, CA",Yes,~$10000,https://precollege.usc.edu/summer-programs/
University of Rochester Pre-College,College-Credit Pre-College,Biomedical,,Residential/Online,Grades 9-12,"Application, rolling",1-4 weeks,Summer cohorts,"Rochester, NY & Online",Yes (select courses),Varies by track,https://admissions.rochester.edu/pre-college/programs/
Barnard Pre-University Program,College-Credit Pre-College,,,Residential,Entering 11-12,Application,4 weeks,Late Jun - Jul,"New York, NY",Yes (Barnard credit),~$9500,https://precollege.barnard.edu/prebaccalaureate
Stony Brook Pre-College Summer,College-Credit Pre-College,,Residential,Residential,Rising Jr/Sr (ages 15-17),"Selective application (deadline Jun 1, US residents)",1-4 weeks (course-dependent),"Session 1: Jun 28-Jul 3; Session 2: Jul 5-10; Session 3: Jul 12-17; Session 4: Jul 19-24","Stony Brook, NY",No (non-credit),"$2375/wk; 2-wk $4250; 3-wk $6125; 4-wk $8000 (multi-week discounts applied)",https://www.stonybrook.edu/commcms/precollege-summer/index.php
Stony Brook Pre-College Summer,College-Credit Pre-College,,Commuter - Extended Day,Commuter,Rising Jr/Sr (ages 15-17),"Selective application (deadline Jun 1, US residents)",1-4 weeks (course-dependent),"Session 1: Jun 28-Jul 3; Session 2: Jul 5-10; Session 3: Jul 12-17; Session 4: Jul 19-24","Stony Brook, NY",No (non-credit),$1250/week (incl. breakfast/lunch/dinner + college readiness programming),https://www.stonybrook.edu/commcms/precollege-summer/commuter-experience.php
Stony Brook Pre-College Summer,College-Credit Pre-College,,Commuter - Core Day,Commuter,Rising Jr/Sr (ages 15-17),"Selective application (deadline Jun 1, US residents)",1-4 weeks (course-dependent),"Session 1: Jun 28-Jul 3; Session 2: Jul 5-10; Session 3: Jul 12-17; Session 4: Jul 19-24","Stony Brook, NY",No (non-credit),$1000/week (incl. breakfast/lunch),https://www.stonybrook.edu/commcms/precollege-summer/commuter-experience.php
Stony Brook Pre-College Summer,STEM/Engineering,Biomedical,Biotechnology & Cancer Biology courses,Residential/Commuter,Rising Jr/Sr (ages 15-17),Selective application,1-2 weeks,Jun 28-Jul 24 (choose session),"Stony Brook, NY",No,See residential/commuter pricing above,https://www.stonybrook.edu/commcms/precollege-summer/courses/biotechnology.php
Stony Brook Pre-College Summer,STEM/Engineering,Artificial Intelligence,Robotics Engineering & Robotics with AI,Residential/Commuter,Rising Jr/Sr (ages 15-17),Selective application,1-2 weeks,Jun 28-Jul 24 (choose session),"Stony Brook, NY",No,See residential/commuter pricing above,https://www.stonybrook.edu/commcms/precollege-summer/courses/robotics-engineering.php
Stony Brook Pre-College Summer,Biomedical,,"Health Professions, Dental Sciences, How Medicines Are Really Made",Residential/Commuter,Rising Jr/Sr (ages 15-17),Selective application,1-2 weeks,Jun 28-Jul 24 (choose session),"Stony Brook, NY",No,See residential/commuter pricing above,https://www.stonybrook.edu/commcms/precollege-summer/courses/health-professions.php
Stony Brook Pre-College Summer,Mathematics,,"Creative Problem Solving for Math Competitions, Exploring Mathematics",Residential/Commuter,Rising Jr/Sr (ages 15-17),Selective application,1-2 weeks,Jun 28-Jul 24 (choose session),"Stony Brook, NY",No,See residential/commuter pricing above,https://www.stonybrook.edu/commcms/precollege-summer/courses/creative-problem-solving-for-competitions.php
Stony Brook Pre-College Summer,Writing/Humanities,,"Personal Branding Lab, Science Communication, Pre-Law",Residential/Commuter,Rising Jr/Sr (ages 15-17),Selective application,1-2 weeks,Jun 28-Jul 24 (choose session),"Stony Brook, NY",No,See residential/commuter pricing above,https://www.stonybrook.edu/commcms/precollege-summer/courses/pre-law.php
Stony Brook Pre-College Summer,Marine Science,,"Environmental Science in the Worm Lab, Protecting Our Planet, Sustainability in Action",Residential/Commuter,Rising Jr/Sr (ages 15-17),Selective application,1-2 weeks,Jun 28-Jul 24 (choose session),"Stony Brook, NY",No,See residential/commuter pricing above,https://www.stonybrook.edu/commcms/precollege-summer/courses/environmental-science-in-the-worm-lab.php
Salish Sea Sciences,Marine Science,Outdoor/Wilderness,"Field / Ecology",Residential,Ages 14-18,Application,1-4 weeks,"Field: Jun 21-Jul 17; Ecology: Jul 19-Aug 1","Friday Harbor, WA",No,"Field $7400; Ecology $4900",https://salishseasciences.org/
Stony Brook Southampton SoMAS,Marine Science,College-Credit Pre-College,"Oceanography / Shark Biology",Residential,Rising 11-12,Application,13 days,Jun & Jul sessions,"Southampton, NY",Yes (3 college credits),~$1100 in-state; ~$3300 out-of-state,https://www.stonybrook.edu/commcms/southampton/somas_info.php
UC Davis Coastal Marine Science,Marine Science,,,Residential,High school,Application,1-2 weeks,Mid-summer cohorts,"Bodega Bay, CA",No,Contact program,https://cpe.ucdavis.edu/course/uc-davis-pre-college-program-coastal-marine-science
Sea Education Association (SEA),Marine Science,Outdoor/Wilderness,,Residential,High school,Application,2-3 weeks,Jun - Aug cohorts,"Woods Hole, MA & at sea",Yes (some HS/college credit),~$5000-$6500,https://sea.edu/programs/finder/
Sea Turtle Camp,Marine Science,,,Residential,High school,First-come,1-2 weeks,Weekly Jun - Aug,"Topsail Island, NC",No,~$1800-$2500,https://seaturtlecamp.com/
The Island School,Marine Science,Cultural Exchange,,Residential,Rising Soph/Jr/Sr,Highly competitive,6 weeks,Jun 22 - Aug 3,"Eleuthera, Bahamas",Yes,~$15000 (scholarships available),https://islandschool.org/high-school-semester-summer-term/summer-program/
Sunset Bay Beach Camp,Marine Science,Traditional Camp,,Day,Ages 8-16,First-come,1 week,Weekly sessions Jun - Aug,"Ballard, Seattle, WA",No,~$850,https://www.sunsetbaywharf.com/home
Field Studies Council Marine Camp,Marine Science,Cultural Exchange,,Residential,High school,First-come,5 days,Late August,"Pembrokeshire, Wales, UK",No,~$450,https://www.field-studies-council.org/courses-and-experiences/static-courses/marine-science-camp/
Earthwatch Teen Expeditions,Marine Science,Outdoor/Wilderness,,Residential,Ages 15-18,Application,1-2 weeks,Multiple summer dates,"Global (Costa Rica, US, etc.)",No,~$4000-$5500,https://earthwatch.org/teen-expeditions
Copper River Stewardship Program,Marine Science,Outdoor/Wilderness,,Residential,High school,Application,10 days,Early July,"Copper River Basin, AK",No,Free/low-cost (subsidized),https://copperriver.org/programs/watershed-education/copper-river-stewardship-program/
ActionQuest Catamaran,Marine Science,Outdoor/Wilderness,,Residential (liveaboard),Ages 11-18,Application,17-21 days,"Session 1: Jun 15-Jul 5; Session 2: Jul 7-27",British Virgin Islands,Yes (HS credit available),$6970-$7970,https://www.actionquest.com
Dauphin Island Sea Lab,Marine Science,,Residential Marine Science Class,Residential,Rising 9-12,Application (opens Jan 5),4 weeks,Jun 22 - Jul 18,"Dauphin Island, AL",No,$3000,https://www.disl.edu/dhp/summer-camps/marine-science-class/
Dauphin Island Sea Lab,Marine Science,,Coastal Fisheries Camp,Day,Rising 10-12,First-come,5 days,May 24-28,"Dauphin Island, AL",No,$950,https://www.disl.edu/dhp/summer-camps/coastal-fisheries/
SeaTrek BVI,Marine Science,Outdoor/Wilderness,,Residential (liveaboard),Middle school - college age,Application,~3 weeks,Jun 16 - Jul 6,British Virgin Islands,No (optional ASA sailing certification),$7290,https://www.seatrekbvi.com/
Whale Camp,Marine Science,,Teen program,Residential,Teens (various levels),First-come,2-6 days/session,Summer sessions,"Grand Manan, Bay of Fundy, Canada",No,Varies by session (~$1850/wk adult reference),https://whalecamp.com/
Acadia Institute of Oceanography,Marine Science,,Advanced Marine Science (w/ college credit),Residential,Rising 10-12 (ages 15-18),Application + teacher recommendation,2 weeks,Jul 12-24; Jul 26-Aug 7,"Seal Harbor, Mount Desert Island, ME",Yes (4 credits via U. Maine; extra fee),$3300+ (credit fee additional ~$600),https://acadiainstitute.com/advanced-marine-science-camp-program/
University of Miami,Marine Science,Biomedical,Marine Mammal Biology & Conservation,Residential,High school (Summer Scholars),Application,3 weeks,Summer 2026,"Coral Gables, FL & Key Largo",Yes (3 credit hours),Contact program,https://precollege.dcie.miami.edu/summer-programs/academies/credit/index.html
Spinnaker Sailing Keelboat,Outdoor/Wilderness,Marine Science,,Day,Ages 10-17,First-come,1-2 weeks,Weekly Jun - Aug,"Redwood City, CA",No,Contact program,https://www.spinnakersailing.com/
Rosetta Institute Biomedical Camps,Biomedical,STEM/Engineering,"Oncology / Molecular Medicine / Bioinformatics",Residential/Online,Ages 11-18,Rolling,2 weeks,May 31 - Aug 15,"UC Berkeley, UCSD, Columbia University",No,"In-person $1590-1790; Online $570",https://www.rosettainstitute.org/biomedical-summer-camps/
Penn Medicine Summer Program,Biomedical,,,Residential,Entering 11-12,Selective (deadline Feb 26),4 weeks,Jun - Jul,"Philadelphia, PA",No,$11255,https://www.boldsummers.com/summer-programs/penn-medicine-summer-program/
UGA Mini-Medical School Academy,Biomedical,,,Day,Ages 11-13,Rolling waitlist,5 days,Jun 1-5,"Athens, GA",No,$530,https://www.georgiacenter.uga.edu/youth/summer-academy/mini-medical-school-b
Morehouse School of Medicine Camp,Biomedical,Leadership/Gifted,,Day,Completed grades 4-8,Selective,4 weeks,Jun 1-26,"Atlanta, GA",No,$850,https://www.msm.edu/Prospective_Students/admissions/PipelinePrograms/BenCarson.php
Boston Leadership Institute (BLI),Biomedical,Leadership/Gifted,,Residential,Rising 9-12,Application,3 weeks,Late Jun - Jul,"Boston, MA",No,~$2200,https://www.bostonleadershipinstitute.com/
UW INSIGHT High School Program,Biomedical,,,Online,Entering 10-12 or recent grad,Rolling (Feb 23-May 18 window),4 weeks,Jul 6-31,Online (virtual for 2026),No,$2200,https://hiprc.org/training/high-school/insight-hs/
Kentucky Forest & Entomology Leadership Program (KFELP),Biomedical,Leadership/Gifted,Entomology component,Residential,Rising Jr/Sr,Application,1 week (overnight),Early June,"Robinson Forest, Clayhole, KY",No,$500 (incl. $50 application fee),https://entomology.ca.uky.edu/content/entomology-leadership-program
AwesomeMath Summer Program,Mathematics,,,Online,Ages 12-18,Selective admission test,3 weeks/session,"Session 1: Jun 8-26; Session 2: Jun 29-Jul 17",Online,No,$1275 (early) to $1575 (late),https://www.awesomemath.org/
MathPath,Mathematics,,,Residential,Ages 11-14,Highly selective (admission test),4 weeks,Jun 28 - Jul 26,"Portland, OR",No,$6600,http://www.mathpath.org/
PROMYS Boston University,Mathematics,,,Residential,Ages 14-18,Highly competitive (apps close March),6 weeks,Late Jun - Early Aug,"Boston, MA",No,Up to $8000,https://promys.org/
Canada/USA Mathcamp,Mathematics,,,Residential,Ages 13-18,Highly selective (admission quiz),5 weeks,Jul - Aug,Rotating US campuses,No,$7500,https://www.mathcamp.org/
Stanford Math Camp (SUMaC),Mathematics,,,Residential/Online,Rising 11-12,Highly selective,3-4 weeks,Jun 21 - Jul 17,"Stanford, CA & Online",No,"Residential $8250; Online $3550",https://sumac.spcs.stanford.edu/
IMACS Summer Sessions,Mathematics,,,Online,Grades 1-12,"Rolling, open enrollment",1 week per class (stackable),Multiple weeks summer 2026,Online,No,"Varies; 50% off if registered by 4/30",https://www.imacs.org/program/summer/
CyberMath Academy Summer Math & AI Camp,Mathematics,Artificial Intelligence,,Residential/Day,"Ages 9-18 (residential 11-18)",Rolling/selective,1-2 weeks,Jul 20-31,"Harvard/Stanford/Oxford",No,"Day $2899-3899; Residential $7485-8485",https://www.cybermath.org/
AlphaStar Academy Summer Camps,Mathematics,Artificial Intelligence,"Math/CS/AI/Physics",Residential/Online,Grades 4-12,"Rolling, diagnostic placement",3 weeks/camp period,"Camp 1: Jun 8-26; Camp 2: Jun 29-Jul 17; Camp 3: Jul 20-Aug 7","In-person (CA) & online live",No,$1150 (5-day online) to $3550 (15-day in-person),https://alphastar.academy/
Iowa Young Writers' Studio,Writing/Humanities,,,Residential,Current 10-12,Highly competitive (deadline Feb 1),2 weeks,"Session 1: Jun 14-27; Session 2: Jul 12-25","Iowa City, IA",No,$2500 (+ $10 reading fee),https://iyws.program.uiowa.edu/
Stanford Summer Humanities Institute,Writing/Humanities,,,Residential,Rising 11-12,Highly selective (deadline Feb 2),3 weeks,"Session 1: Jun 21-Jul 10; Session 2: Jul 12-31","Stanford, CA",No,$8250-$8575,https://summerhumanities.stanford.edu/
Kenyon Review Young Writers,Writing/Humanities,,,Residential,Ages 16-18,Highly selective (deadline Mar 1),2 weeks,"Session I: Jun 21-Jul 4; Session II: Jul 12-25","Gambier, OH",No,$2575,https://kenyonreview.org/
Princeton Summer Journalism Program,Writing/Humanities,Leadership/Gifted,,Residential/Online,HS Juniors,Highly competitive (socioeconomic criteria),10 days,Late Jun (virtual) & Early Aug (residential),"Princeton, NJ",No,Free,https://psjp.princeton.edu/
Telluride Association Summer Seminar (TASS),Writing/Humanities,Leadership/Gifted,,Residential,Rising Jr/Sr,Highly selective (deadline Jan 21),6 weeks,Jul 18-29,Rotating university campuses,No,Free,https://www.tellurideassociation.org/
Summer Linguistic Institute for Youth Scholars (SLIYS),Writing/Humanities,STEM/Engineering,,Online,Entering 9-12,"Competitive (teacher rec, 3.0+ GPA)",1-2 weeks,Multiple June/July sessions,Online,No,$550/week (plus $25 deposit),https://linguistics.osu.edu/undergrad/sliys
Camp Laurel Maine,Traditional Camp,,,Residential,Grades 1-9 (ages 7-15),First-come (inquire early),7 weeks,Jun 27 - Aug 12,"Belgrade Lakes, ME",No,$17800,https://www.camplaurel.com/
Interlochen Arts Camp,Traditional Camp,Arts,,Residential,Grades 3-12,Competitive audition,1-6 weeks,Jun 28 - Aug 9,"Traverse City, MI",Some (online certs),$2050-$10350,https://www.interlochen.org/
EXPLO,Traditional Camp,STEM/Engineering,,Residential,Grades 4-12,First-come,2 or 4 weeks,Multiple sessions Jun - Aug,"Wheaton College, MA",No,Starts at ~$4045,https://explo.org/
Camp Becket & Chimney Corners,Traditional Camp,,,Residential,Ages 7-15,First-come,2 or 4 weeks,Late Jun - Aug,"Berkshires, MA",No,Starts at $2945,https://bccymca.org/
Adirondack Camp,Traditional Camp,Outdoor/Wilderness,,Residential,Ages 7-17,First-come,2-10 weeks,Multiple sessions Jun - Aug,"Lake George, NY",No,Starts at $4850,https://www.adirondackcamp.com/
NOLS Teen Expeditions,Outdoor/Wilderness,Leadership/Gifted,,Residential (Expedition/Overnight),Ages 12-17,First-come,1-4 weeks,Jul 9 - Aug 7 (WY),"Wind River Range WY; Alaska; Idaho",Yes (0.5-1.5 HS credits or college credit),$5350-$8490,https://www.nols.edu/teen-expeditions/
Outward Bound High School,Outdoor/Wilderness,Leadership/Gifted,,Residential (Expedition/Overnight),Ages 12-18,First-come,7-30 days,Multiple cohorts Jun - Aug,"CO Rockies, MN Boundary Waters, CA Sierra",Yes (college credit via WCU or HS credit),$2900-$7540,https://www.outwardbound.org/
Overland Summers,Outdoor/Wilderness,Cultural Exchange,,Residential (Expedition/Overnight),Grades 6-12 (ages 13-17),Collaborative application,2-3 weeks,Multiple sessions Jun - Aug,"US Rockies, Pacific NW, European Alps",No,$5695-$8695,https://overlandsummers.com/
Lasting Adventures,Outdoor/Wilderness,,,Residential (Expedition/Overnight),Ages 11-18,First-come,4-20 days,Multiple dates Jun - Aug,"Yosemite, Olympic, Joshua Tree NP",No,$1675-$2085,https://lastingadventures.com/
Apogee Adventures,Outdoor/Wilderness,"Writing/Humanities, Cultural Exchange",,Residential (Expedition/Overnight),Grades 7-12,Selective application,11-30 days,Summer cohorts,"New England, California, Europe, Caribbean",No,$4000-$8000,https://www.apogeeadventures.com/
Bold Earth Adventure Camp,Outdoor/Wilderness,Cultural Exchange,,Residential (Expedition/Overnight),Grades 7-12 (ages 13-18),Rolling application,10-21 days,"Session I: Jun 30-Jul 17; Session II: Jul 20-Aug 6","West US, Hawaii, Costa Rica, Alps",No,$4488-$5388,https://boldearth.com/
Moondance Adventures,Outdoor/Wilderness,Leadership/Gifted,,Residential (Expedition/Overnight),Grades 6-12,Application,14-21 days,Multiple sessions Jun - Jul,"Rockies, Chamonix, Pacific NW, Fiji",No,$5695-$10895,https://moondanceadventures.com/
Wilderness Adventures,Outdoor/Wilderness,,,Residential (Expedition/Overnight),Grades 5-12,First-come,14-35 days,Jun 13-Jul 3; Jul 6-26,"Alaska, Grand Teton, European Alps",No,$4995-$8995,https://www.wildernessadventures.com/
Yale Young Global Scholars (YYGS),Cultural Exchange,Leadership/Gifted,,Residential,Sophomores & Juniors,Highly competitive (apps close Jan),2 weeks,"Session I: Jun 21-Jul 3; Session II: Jul 5-17; Session III: Jul 19-31","New Haven, CT",No,$7000,https://globalscholars.yale.edu/
AMIGOS de las Americas,Cultural Exchange,Outdoor/Wilderness,,Residential (Homestay),Ages 13-19,Application (priority Dec 10),2-6 weeks,Early Jun - Mid Aug,"Panama, Costa Rica, Paraguay",Yes (via WCU partner),$4575-$6475 (+ airfare),https://amigosinternational.org/
CIEE High School Abroad,Cultural Exchange,,,Residential (Homestay),Ages 14-18,Application,3-4 weeks,Jun & Jul cohorts,Global (40+ cities),No (HS credits available),$5000-$7500,https://www.ciee.org/
AFS Intercultural Programs,Cultural Exchange,,,Residential (Homestay),Ages 15-18,Application,4-8 weeks,Summer cycles,Global (40+ countries),No,$6000-$9000,https://afs.org/
YES Abroad,Cultural Exchange,Leadership/Gifted,,Residential (Homestay),High school,Highly competitive,Academic year/summer,Aug - Jun,"Global (SE Asia, Africa)",No,Fully funded ($0),https://yes-abroad.org/
Rotary Youth Exchange,Cultural Exchange,,,Residential (Homestay),Ages 15-19,Highly selective application,1 week to full year,Year-round,Global,No,Free (sponsored),https://www.rotary.org/en/our-programs/youth-exchanges
Putney Student Travel,Cultural Exchange,STEM/Engineering (tracks vary),,Residential (Travel),Grades 9-12,Application,2-3 weeks,Late Jun - Late Jul,Global & US college sites,Yes (1 world language credit),$6500-$9000,https://precollege.goputney.com/
ARCC Programs,Cultural Exchange,Outdoor/Wilderness,,Residential (Travel),Grades 9-12,Application,2-3 weeks,Mid-Jun - Early Aug,"Global (Costa Rica, Fiji, Peru, etc.)",No,$5000-$8000,https://arccprograms.com/summer-overview/summer-programs-high-school/
That's Mandarin Chinese Summer Camp,Cultural Exchange,,"Day/Half-Day/Full/Homestay",Day/Homestay (varies),Ages 10-17 (homestay 14-17),First-come/rolling,1-4 weeks,Multiple start dates Jun - Aug,"Shanghai, Beijing, other China cities",No,From ~3700 RMB/wk to $4545+,https://www.thatsmandarin.com/chinese-summer-camp/
GoEast Mandarin Summer Camp,Cultural Exchange,,"Academic Chinese Booster / Chinese Adventure",Day,Kids & teens,Rolling,2-4 weeks,"Starts Jun 15, 29, Jul 13, 27, Aug 3, 10","Shanghai, China",No,"6800-12800 RMB (Academic); 10800 RMB (Adventure)",https://goeastmandarin.com/kids-chinese-camp/
Keats School Mandarin Immersion Camp,Cultural Exchange,,,Residential,Ages 12-17,Rolling,1-3 weeks,Summer 2026,"Kunming, Beijing, or Chengdu, China",No,From $1492/week (~$213/day),https://keatschinese.com/chinese-language-courses/summer-camp-in-china/
China Internship Placements Mandarin Camp,Cultural Exchange,,,Varies,Teens,Rolling,~2 weeks,Summer 2026,China (various cities),No,~$193/day,https://www.chinainternshipplacements.com/study-abroad-china/chinese-summer-camp-teens/
LTL School,Cultural Exchange,,,Varies,Teens,Rolling,Varies,Summer 2026,China,No,Varies,https://ltl-school.com/
Vanderbilt Summer Academy (VSA),Leadership/Gifted,,,Residential,Grades 7-12,Application (academic eligibility),1-2 weeks,Jun - Jul cohorts,"Nashville, TN",No,$1800-$3500,https://pty.vanderbilt.edu/for-students/vsa/
Northwestern CTD Summer Camp,Leadership/Gifted,,,Residential,Grades 6-12,Selective application,1 or 3 weeks,Jun 28 - Aug 7,"Evanston, IL",Yes (some HS credit),"1-Wk Res $1830; 3-Wk Res $5430",https://www.ctd.northwestern.edu/
Wharton Global Youth Program,Leadership/Gifted,,On-campus,Residential,Grades 9-11,Selective,1-2 weeks,Summer 2026 sessions,"Philadelphia, PA (Wharton/UPenn)",No,$8299-$11899,https://globalyouth.wharton.upenn.edu/
Wharton Global Youth Program,Leadership/Gifted,,Online,Online,Grades 9-12,Selective,Varies,Summer 2026 sessions,Online,No,$2000-$4800,https://globalyouth.wharton.upenn.edu/
Johns Hopkins Center for Talented Youth (CTY),Leadership/Gifted,,"Residential/Day",Residential/Day/Online,Grades 2-12 (residential 5-12),Selective (talent-search scores),3 weeks/session,"Session 1: ~Jun 22-Jul 11; Session 2: ~Jul 13-Aug 1 (varies by site)",Multiple university campuses incl. JHU + online,No,"Roughly $800-2000+ (day/online); residential higher",https://cty.jhu.edu/
Iacocca Global Entrepreneurship Intensive (IGEI),Leadership/Gifted,Cultural Exchange,,Residential,Ages 15-17,Selective (priority Feb 15),3 weeks,Jul 5-25,"Bethlehem, PA",No,$7000 all-inclusive,https://global.lehigh.edu/iacocca-institute/high-school
Iacocca Global Future Leaders Lab: Silicon Valley,Leadership/Gifted,,,Residential,Ages 15-17,Rolling/selective,3 days,Jun 21-24,"San Francisco & Silicon Valley, CA",No,"$1950, incl. housing & meals",https://global.lehigh.edu/programs/iacocca-global-future-leaders-lab-silicon-valley
Summer Springboard,Leadership/Gifted,College-Credit Pre-College,,Residential/Commuter,Middle & high school,First-come,1-2 weeks,Multiple sessions Jun - Aug,"UC Berkeley, Yale, Georgetown, Columbia/Barnard, UCLA, UCSB, UCSD, MIT, Duke, Cal Poly, Georgia Tech, U Michigan, U Washington, Oxford",No,"Commuter $3298; Residential $5698-$6298",https://summerspringboard.com/
Envision by WorldStrides (NYLF tracks),Leadership/Gifted,,"Medicine/Law/Engineering/Business/National Security",Residential,High school,Rolling,~1 week+,Summer 2026,Various college campuses,Yes (credits via George Mason University),Contact program,https://www.envisionexperience.com/
Cornell Summer College,Leadership/Gifted,College-Credit Pre-College,3-week session,Residential/Commuter,Rising Jr/Sr (some soph.),Selective,3 weeks,Summer 2026,"Ithaca, NY",Yes (Cornell credit),"Commuter ~$5987-7927; Residential ~$9274-11214",https://sce.cornell.edu/precollege/
Cornell Summer College,Leadership/Gifted,College-Credit Pre-College,6-week session,Residential/Commuter,Rising Jr/Sr (some soph.),Selective,6 weeks,Summer 2026,"Ithaca, NY",Yes (Cornell credit),"Commuter ~$11807-15687; Residential ~$18402-22282",https://sce.cornell.edu/precollege/
Berkeley Changemaker Pre-College,Leadership/Gifted,College-Credit Pre-College,,Residential,Ages 16-17,"Selective, residential",2 weeks,Summer 2026,"Berkeley, CA",No,Contact program (run via Summer Discovery),https://changemaker.berkeley.edu/pre-college